{
  "streams": [
    {
      "title": "My Stream",
      "description": "This is a great stream!",
      "id": 1
    },
    {
      "title": "Blah",
      "description": "Good description!",
      "id": 2
    },
    {
      "title": "Third Stream",
      "description": "Created when logged in.",
      "userId": "112082071503117037239",
      "id": 3
    },
    {
      "title": "Refactor",
      "description": "Good code reuse",
      "userId": "112082071503117037239",
      "id": 5
    },
    {
      "title": "Crazy",
      "description": "boulder",
      "id": 6
    }
  ]
}